Node	Total SNPs	Number of SNPs Inside Recombinations	Number of SNPs Outside Recombinations	Number of Recombination Blocks	Bases in Recombinations	Cumulative Bases in Recombinations	r/m	rho/theta	Genome Length	Bases in Clonal Frame
AL513382.1	0	0	0	0	0	0	0.000000	0.000000	4809037	4809037
ERR5243693	333	69	264	6	2855	2925	0.261364	0.022727	4087571	4084710
ERR5243695	100	15	85	3	2701	43423	0.176471	0.035294	4360075	4316752
ERR5243699	0	0	0	0	0	43317	0.000000	0.000000	4240131	4196808
Node_1	391	106	285	6	2855	43317	0.371930	0.021053	4399531	4396670
Node_2	384	92	292	6	2855	2855	0.315068	0.020548	4424626	4424626
Node_3	0	0	0	0	0	0	0.000000	0.000000	4809037	4809037
